{
  "MQTT Connect" : {
    "transaction" : "MQTT Connect",
    "sampleCount" : 500,
    "errorCount" : 0,
    "errorPct" : 0.0,
    "meanResTime" : 226.13,
    "medianResTime" : 214.0,
    "minResTime" : 198.0,
    "maxResTime" : 497.0,
    "pct1ResTime" : 254.90000000000003,
    "pct2ResTime" : 339.0,
    "pct3ResTime" : 443.16000000000076,
    "throughput" : 8.313381218409152,
    "receivedKBytesPerSec" : 0.08930389980712956,
    "sentKBytesPerSec" : 0.0
  },
  "Total" : {
    "transaction" : "Total",
    "sampleCount" : 2000,
    "errorCount" : 0,
    "errorPct" : 0.0,
    "meanResTime" : 83.55650000000016,
    "medianResTime" : 52.0,
    "minResTime" : 0.0,
    "maxResTime" : 497.0,
    "pct1ResTime" : 216.0,
    "pct2ResTime" : 224.0,
    "pct3ResTime" : 341.0,
    "throughput" : 32.65412748171369,
    "receivedKBytesPerSec" : 1.8348813430642634,
    "sentKBytesPerSec" : 0.23916597276645768
  },
  "MQTT DisConnect" : {
    "transaction" : "MQTT DisConnect",
    "sampleCount" : 500,
    "errorCount" : 0,
    "errorPct" : 0.0,
    "meanResTime" : 107.62600000000003,
    "medianResTime" : 106.0,
    "minResTime" : 95.0,
    "maxResTime" : 251.0,
    "pct1ResTime" : 112.0,
    "pct2ResTime" : 120.94999999999999,
    "pct3ResTime" : 136.0,
    "throughput" : 8.373946976167748,
    "receivedKBytesPerSec" : 0.08995450853305197,
    "sentKBytesPerSec" : 0.0
  },
  "MQTT Pub Sampler" : {
    "transaction" : "MQTT Pub Sampler",
    "sampleCount" : 500,
    "errorCount" : 0,
    "errorPct" : 0.0,
    "meanResTime" : 0.4700000000000003,
    "medianResTime" : 0.0,
    "minResTime" : 0.0,
    "maxResTime" : 9.0,
    "pct1ResTime" : 1.0,
    "pct2ResTime" : 1.0,
    "pct3ResTime" : 3.0,
    "throughput" : 8.382932349735936,
    "receivedKBytesPerSec" : 0.16372914745578002,
    "sentKBytesPerSec" : 0.24559372118367004
  },
  "MQTT Sub Sampler" : {
    "transaction" : "MQTT Sub Sampler",
    "sampleCount" : 500,
    "errorCount" : 0,
    "errorPct" : 0.0,
    "meanResTime" : 0.0,
    "medianResTime" : 0.0,
    "minResTime" : 0.0,
    "maxResTime" : 0.0,
    "pct1ResTime" : 0.0,
    "pct2ResTime" : 0.0,
    "pct3ResTime" : 0.0,
    "throughput" : 8.387713677005921,
    "receivedKBytesPerSec" : 1.5412423881498383,
    "sentKBytesPerSec" : 0.0
  }
}