{
  "MQTT Connect" : {
    "transaction" : "MQTT Connect",
    "sampleCount" : 100,
    "errorCount" : 0,
    "errorPct" : 0.0,
    "meanResTime" : 257.56999999999994,
    "medianResTime" : 216.5,
    "minResTime" : 199.0,
    "maxResTime" : 1224.0,
    "pct1ResTime" : 222.0,
    "pct2ResTime" : 407.54999999999785,
    "pct3ResTime" : 1223.94,
    "throughput" : 1.6792047286405158,
    "receivedKBytesPerSec" : 0.01803833204594304,
    "sentKBytesPerSec" : 0.0
  },
  "Total" : {
    "transaction" : "Total",
    "sampleCount" : 400,
    "errorCount" : 0,
    "errorPct" : 0.0,
    "meanResTime" : 118.15250000000002,
    "medianResTime" : 107.0,
    "minResTime" : 0.0,
    "maxResTime" : 1224.0,
    "pct1ResTime" : 218.0,
    "pct2ResTime" : 219.95,
    "pct3ResTime" : 1207.0200000000073,
    "throughput" : 6.58165364047717,
    "receivedKBytesPerSec" : 0.1176213492389963,
    "sentKBytesPerSec" : 0.04820547099958865
  },
  "MQTT DisConnect" : {
    "transaction" : "MQTT DisConnect",
    "sampleCount" : 100,
    "errorCount" : 0,
    "errorPct" : 0.0,
    "meanResTime" : 108.50999999999999,
    "medianResTime" : 108.0,
    "minResTime" : 100.0,
    "maxResTime" : 133.0,
    "pct1ResTime" : 113.0,
    "pct2ResTime" : 115.94999999999999,
    "pct3ResTime" : 133.0,
    "throughput" : 1.6885901960453218,
    "receivedKBytesPerSec" : 0.018139152496580605,
    "sentKBytesPerSec" : 0.0
  },
  "MQTT Pub Sampler" : {
    "transaction" : "MQTT Pub Sampler",
    "sampleCount" : 100,
    "errorCount" : 0,
    "errorPct" : 0.0,
    "meanResTime" : 106.52999999999999,
    "medianResTime" : 107.0,
    "minResTime" : 99.0,
    "maxResTime" : 113.0,
    "pct1ResTime" : 109.9,
    "pct2ResTime" : 111.94999999999999,
    "pct3ResTime" : 113.0,
    "throughput" : 1.688020121199845,
    "receivedKBytesPerSec" : 0.032969142992184466,
    "sentKBytesPerSec" : 0.0494537144882767
  },
  "MQTT Sub Sampler" : {
    "transaction" : "MQTT Sub Sampler",
    "sampleCount" : 100,
    "errorCount" : 0,
    "errorPct" : 0.0,
    "meanResTime" : 0.0,
    "medianResTime" : 0.0,
    "minResTime" : 0.0,
    "maxResTime" : 0.0,
    "pct1ResTime" : 0.0,
    "pct2ResTime" : 0.0,
    "pct3ResTime" : 0.0,
    "throughput" : 1.691732503256585,
    "receivedKBytesPerSec" : 0.051544974708599076,
    "sentKBytesPerSec" : 0.0
  }
}