{
  "MQTT Connect" : {
    "transaction" : "MQTT Connect",
    "sampleCount" : 250,
    "errorCount" : 0,
    "errorPct" : 0.0,
    "meanResTime" : 383.48800000000006,
    "medianResTime" : 260.5,
    "minResTime" : 203.0,
    "maxResTime" : 2351.0,
    "pct1ResTime" : 770.0,
    "pct2ResTime" : 1213.9,
    "pct3ResTime" : 1643.8300000000052,
    "throughput" : 4.1366757673533545,
    "receivedKBytesPerSec" : 0.044436946719616115,
    "sentKBytesPerSec" : 0.0
  },
  "Total" : {
    "transaction" : "Total",
    "sampleCount" : 1000,
    "errorCount" : 0,
    "errorPct" : 0.0,
    "meanResTime" : 208.68199999999996,
    "medianResTime" : 211.0,
    "minResTime" : 0.0,
    "maxResTime" : 2351.0,
    "pct1ResTime" : 370.79999999999995,
    "pct2ResTime" : 620.8499999999984,
    "pct3ResTime" : 1224.95,
    "throughput" : 16.154044972861204,
    "receivedKBytesPerSec" : 0.5082845010015508,
    "sentKBytesPerSec" : 0.11831575907857327
  },
  "MQTT DisConnect" : {
    "transaction" : "MQTT DisConnect",
    "sampleCount" : 250,
    "errorCount" : 0,
    "errorPct" : 0.0,
    "meanResTime" : 153.23199999999986,
    "medianResTime" : 118.0,
    "minResTime" : 97.0,
    "maxResTime" : 569.0,
    "pct1ResTime" : 251.8,
    "pct2ResTime" : 384.69999999999857,
    "pct3ResTime" : 566.49,
    "throughput" : 4.151996279811334,
    "receivedKBytesPerSec" : 0.0446015225370358,
    "sentKBytesPerSec" : 0.0
  },
  "MQTT Pub Sampler" : {
    "transaction" : "MQTT Pub Sampler",
    "sampleCount" : 250,
    "errorCount" : 0,
    "errorPct" : 0.0,
    "meanResTime" : 298.00799999999975,
    "medianResTime" : 258.0,
    "minResTime" : 206.0,
    "maxResTime" : 939.0,
    "pct1ResTime" : 522.0,
    "pct2ResTime" : 627.9,
    "pct3ResTime" : 782.9800000000027,
    "throughput" : 4.142021637921037,
    "receivedKBytesPerSec" : 0.08089886011564525,
    "sentKBytesPerSec" : 0.12134829017346786
  },
  "MQTT Sub Sampler" : {
    "transaction" : "MQTT Sub Sampler",
    "sampleCount" : 250,
    "errorCount" : 0,
    "errorPct" : 0.0,
    "meanResTime" : 0.0,
    "medianResTime" : 0.0,
    "minResTime" : 0.0,
    "maxResTime" : 0.0,
    "pct1ResTime" : 0.0,
    "pct2ResTime" : 0.0,
    "pct3ResTime" : 0.0,
    "throughput" : 4.159110948443661,
    "receivedKBytesPerSec" : 0.35287456953201685,
    "sentKBytesPerSec" : 0.0
  }
}