{
  "MQTT Connect" : {
    "transaction" : "MQTT Connect",
    "sampleCount" : 250,
    "errorCount" : 0,
    "errorPct" : 0.0,
    "meanResTime" : 230.3639999999998,
    "medianResTime" : 213.0,
    "minResTime" : 202.0,
    "maxResTime" : 597.0,
    "pct1ResTime" : 338.0,
    "pct2ResTime" : 374.34999999999997,
    "pct3ResTime" : 448.72000000000025,
    "throughput" : 4.172786753905728,
    "receivedKBytesPerSec" : 0.04482485770797169,
    "sentKBytesPerSec" : 0.0
  },
  "Total" : {
    "transaction" : "Total",
    "sampleCount" : 1000,
    "errorCount" : 0,
    "errorPct" : 0.0,
    "meanResTime" : 84.5000000000001,
    "medianResTime" : 52.5,
    "minResTime" : 0.0,
    "maxResTime" : 597.0,
    "pct1ResTime" : 215.0,
    "pct2ResTime" : 219.0,
    "pct3ResTime" : 376.99,
    "throughput" : 16.38780092099441,
    "receivedKBytesPerSec" : 0.5180401521607315,
    "sentKBytesPerSec" : 0.12002783877681454
  },
  "MQTT DisConnect" : {
    "transaction" : "MQTT DisConnect",
    "sampleCount" : 250,
    "errorCount" : 0,
    "errorPct" : 0.0,
    "meanResTime" : 107.072,
    "medianResTime" : 107.0,
    "minResTime" : 97.0,
    "maxResTime" : 143.0,
    "pct1ResTime" : 112.0,
    "pct2ResTime" : 115.0,
    "pct3ResTime" : 130.0,
    "throughput" : 4.198223311894406,
    "receivedKBytesPerSec" : 0.04509810198324069,
    "sentKBytesPerSec" : 0.0
  },
  "MQTT Pub Sampler" : {
    "transaction" : "MQTT Pub Sampler",
    "sampleCount" : 250,
    "errorCount" : 0,
    "errorPct" : 0.0,
    "meanResTime" : 0.5640000000000004,
    "medianResTime" : 0.0,
    "minResTime" : 0.0,
    "maxResTime" : 8.0,
    "pct1ResTime" : 1.0,
    "pct2ResTime" : 1.0,
    "pct3ResTime" : 5.980000000000018,
    "throughput" : 4.203446826397646,
    "receivedKBytesPerSec" : 0.08209857082807902,
    "sentKBytesPerSec" : 0.12314785624211853
  },
  "MQTT Sub Sampler" : {
    "transaction" : "MQTT Sub Sampler",
    "sampleCount" : 250,
    "errorCount" : 0,
    "errorPct" : 0.0,
    "meanResTime" : 0.0,
    "medianResTime" : 0.0,
    "minResTime" : 0.0,
    "maxResTime" : 0.0,
    "pct1ResTime" : 0.0,
    "pct2ResTime" : 0.0,
    "pct3ResTime" : 0.0,
    "throughput" : 4.205497426235575,
    "receivedKBytesPerSec" : 0.3592743309053595,
    "sentKBytesPerSec" : 0.0
  }
}