{
  "MQTT Connect" : {
    "transaction" : "MQTT Connect",
    "sampleCount" : 3000,
    "errorCount" : 57,
    "errorPct" : 1.9,
    "meanResTime" : 1283.8153333333369,
    "medianResTime" : 488.5,
    "minResTime" : 199.0,
    "maxResTime" : 10016.0,
    "pct1ResTime" : 3216.0,
    "pct2ResTime" : 4218.0,
    "pct3ResTime" : 10004.0,
    "throughput" : 43.018153660844874,
    "receivedKBytesPerSec" : 0.4972293620407812,
    "sentKBytesPerSec" : 0.0
  },
  "Total" : {
    "transaction" : "Total",
    "sampleCount" : 12000,
    "errorCount" : 228,
    "errorPct" : 1.9,
    "meanResTime" : 347.70116666666655,
    "medianResTime" : 2.0,
    "minResTime" : 0.0,
    "maxResTime" : 10016.0,
    "pct1ResTime" : 1213.0,
    "pct2ResTime" : 2214.0,
    "pct3ResTime" : 4230.0,
    "throughput" : 169.63528413910092,
    "receivedKBytesPerSec" : 50.479749787955896,
    "sentKBytesPerSec" : 1.2188394561068703
  },
  "MQTT DisConnect" : {
    "transaction" : "MQTT DisConnect",
    "sampleCount" : 3000,
    "errorCount" : 57,
    "errorPct" : 1.9,
    "meanResTime" : 106.5126666666668,
    "medianResTime" : 107.0,
    "minResTime" : 0.0,
    "maxResTime" : 253.0,
    "pct1ResTime" : 115.0,
    "pct2ResTime" : 119.0,
    "pct3ResTime" : 153.95999999999913,
    "throughput" : 43.52872896111434,
    "receivedKBytesPerSec" : 0.48213168347359253,
    "sentKBytesPerSec" : 0.0
  },
  "MQTT Pub Sampler" : {
    "transaction" : "MQTT Pub Sampler",
    "sampleCount" : 3000,
    "errorCount" : 57,
    "errorPct" : 1.9,
    "meanResTime" : 0.47666666666666696,
    "medianResTime" : 0.0,
    "minResTime" : 0.0,
    "maxResTime" : 43.0,
    "pct1ResTime" : 1.0,
    "pct2ResTime" : 1.0,
    "pct3ResTime" : 7.979999999999563,
    "throughput" : 43.44174462046396,
    "receivedKBytesPerSec" : 0.8750711584827245,
    "sentKBytesPerSec" : 1.2485259220510294
  },
  "MQTT Sub Sampler" : {
    "transaction" : "MQTT Sub Sampler",
    "sampleCount" : 3000,
    "errorCount" : 57,
    "errorPct" : 1.9,
    "meanResTime" : 0.0,
    "medianResTime" : 0.0,
    "minResTime" : 0.0,
    "maxResTime" : 0.0,
    "pct1ResTime" : 0.0,
    "pct2ResTime" : 0.0,
    "pct3ResTime" : 0.0,
    "throughput" : 44.17091198209606,
    "receivedKBytesPerSec" : 50.68763124742336,
    "sentKBytesPerSec" : 0.0
  }
}