{
  "MQTT Connect" : {
    "transaction" : "MQTT Connect",
    "sampleCount" : 1000,
    "errorCount" : 1,
    "errorPct" : 0.1,
    "meanResTime" : 285.3909999999998,
    "medianResTime" : 214.0,
    "minResTime" : 200.0,
    "maxResTime" : 10009.0,
    "pct1ResTime" : 231.0,
    "pct2ResTime" : 1208.9499999999998,
    "pct3ResTime" : 1223.99,
    "throughput" : 16.64059639897494,
    "receivedKBytesPerSec" : 0.17947143225613205,
    "sentKBytesPerSec" : 0.0
  },
  "Total" : {
    "transaction" : "Total",
    "sampleCount" : 4000,
    "errorCount" : 4,
    "errorPct" : 0.1,
    "meanResTime" : 126.51375000000003,
    "medianResTime" : 108.0,
    "minResTime" : 0.0,
    "maxResTime" : 10009.0,
    "pct1ResTime" : 216.0,
    "pct2ResTime" : 222.0,
    "pct3ResTime" : 1212.0,
    "throughput" : 65.242211710977,
    "receivedKBytesPerSec" : 7.124717113847659,
    "sentKBytesPerSec" : 0.47737038207470234
  },
  "MQTT DisConnect" : {
    "transaction" : "MQTT DisConnect",
    "sampleCount" : 1000,
    "errorCount" : 1,
    "errorPct" : 0.1,
    "meanResTime" : 111.26599999999996,
    "medianResTime" : 107.0,
    "minResTime" : 0.0,
    "maxResTime" : 267.0,
    "pct1ResTime" : 114.0,
    "pct2ResTime" : 118.94999999999993,
    "pct3ResTime" : 247.0,
    "throughput" : 16.77345768056627,
    "receivedKBytesPerSec" : 0.1804784733637492,
    "sentKBytesPerSec" : 0.0
  },
  "MQTT Pub Sampler" : {
    "transaction" : "MQTT Pub Sampler",
    "sampleCount" : 1000,
    "errorCount" : 1,
    "errorPct" : 0.1,
    "meanResTime" : 109.398,
    "medianResTime" : 109.0,
    "minResTime" : 0.0,
    "maxResTime" : 132.0,
    "pct1ResTime" : 115.0,
    "pct2ResTime" : 117.0,
    "pct3ResTime" : 124.99000000000001,
    "throughput" : 16.760525610083132,
    "receivedKBytesPerSec" : 0.32789414994804233,
    "sentKBytesPerSec" : 0.49053999270917137
  },
  "MQTT Sub Sampler" : {
    "transaction" : "MQTT Sub Sampler",
    "sampleCount" : 1000,
    "errorCount" : 1,
    "errorPct" : 0.1,
    "meanResTime" : 0.0,
    "medianResTime" : 0.0,
    "minResTime" : 0.0,
    "maxResTime" : 0.0,
    "pct1ResTime" : 0.0,
    "pct2ResTime" : 0.0,
    "pct3ResTime" : 0.0,
    "throughput" : 16.80248676804167,
    "receivedKBytesPerSec" : 6.648878565277661,
    "sentKBytesPerSec" : 0.0
  }
}