{
  "MQTT Connect" : {
    "transaction" : "MQTT Connect",
    "sampleCount" : 2000,
    "errorCount" : 0,
    "errorPct" : 0.0,
    "meanResTime" : 457.4634999999995,
    "medianResTime" : 216.0,
    "minResTime" : 197.0,
    "maxResTime" : 4215.0,
    "pct1ResTime" : 1216.0,
    "pct2ResTime" : 1223.0,
    "pct3ResTime" : 2224.99,
    "throughput" : 32.45962833725554,
    "receivedKBytesPerSec" : 0.3486874137791122,
    "sentKBytesPerSec" : 0.0
  },
  "Total" : {
    "transaction" : "Total",
    "sampleCount" : 8000,
    "errorCount" : 0,
    "errorPct" : 0.0,
    "meanResTime" : 141.4772499999998,
    "medianResTime" : 83.5,
    "minResTime" : 0.0,
    "maxResTime" : 4215.0,
    "pct1ResTime" : 219.0,
    "pct2ResTime" : 616.4499999999944,
    "pct3ResTime" : 1232.9899999999998,
    "throughput" : 127.53678639182489,
    "receivedKBytesPerSec" : 26.86772890860395,
    "sentKBytesPerSec" : 0.9341073222057488
  },
  "MQTT DisConnect" : {
    "transaction" : "MQTT DisConnect",
    "sampleCount" : 2000,
    "errorCount" : 0,
    "errorPct" : 0.0,
    "meanResTime" : 107.76449999999986,
    "medianResTime" : 107.0,
    "minResTime" : 93.0,
    "maxResTime" : 272.0,
    "pct1ResTime" : 114.0,
    "pct2ResTime" : 118.0,
    "pct3ResTime" : 136.99,
    "throughput" : 32.877432930036825,
    "receivedKBytesPerSec" : 0.3531755490531299,
    "sentKBytesPerSec" : 0.0
  },
  "MQTT Pub Sampler" : {
    "transaction" : "MQTT Pub Sampler",
    "sampleCount" : 2000,
    "errorCount" : 0,
    "errorPct" : 0.0,
    "meanResTime" : 0.6810000000000015,
    "medianResTime" : 0.0,
    "minResTime" : 0.0,
    "maxResTime" : 74.0,
    "pct1ResTime" : 1.0,
    "pct2ResTime" : 1.0,
    "pct3ResTime" : 12.0,
    "throughput" : 32.848813336618214,
    "receivedKBytesPerSec" : 0.6415783854808246,
    "sentKBytesPerSec" : 0.9623675782212368
  },
  "MQTT Sub Sampler" : {
    "transaction" : "MQTT Sub Sampler",
    "sampleCount" : 2000,
    "errorCount" : 0,
    "errorPct" : 0.0,
    "meanResTime" : 0.0,
    "medianResTime" : 0.0,
    "minResTime" : 0.0,
    "maxResTime" : 0.0,
    "pct1ResTime" : 0.0,
    "pct2ResTime" : 0.0,
    "pct3ResTime" : 0.0,
    "throughput" : 32.93427964496846,
    "receivedKBytesPerSec" : 26.401778142341957,
    "sentKBytesPerSec" : 0.0
  }
}