{
  "MQTT Connect" : {
    "transaction" : "MQTT Connect",
    "sampleCount" : 100,
    "errorCount" : 0,
    "errorPct" : 0.0,
    "meanResTime" : 306.46000000000015,
    "medianResTime" : 214.0,
    "minResTime" : 205.0,
    "maxResTime" : 1219.0,
    "pct1ResTime" : 411.4000000000011,
    "pct2ResTime" : 1214.95,
    "pct3ResTime" : 1218.98,
    "throughput" : 1.6793739293991201,
    "receivedKBytesPerSec" : 0.01804014963221711,
    "sentKBytesPerSec" : 0.0
  },
  "Total" : {
    "transaction" : "Total",
    "sampleCount" : 400,
    "errorCount" : 0,
    "errorPct" : 0.0,
    "meanResTime" : 157.3249999999999,
    "medianResTime" : 162.0,
    "minResTime" : 0.0,
    "maxResTime" : 1219.0,
    "pct1ResTime" : 219.0,
    "pct2ResTime" : 224.0,
    "pct3ResTime" : 1215.0,
    "throughput" : 6.571057776025495,
    "receivedKBytesPerSec" : 0.11887582548913311,
    "sentKBytesPerSec" : 0.04812786457049924
  },
  "MQTT DisConnect" : {
    "transaction" : "MQTT DisConnect",
    "sampleCount" : 100,
    "errorCount" : 0,
    "errorPct" : 0.0,
    "meanResTime" : 107.68,
    "medianResTime" : 107.0,
    "minResTime" : 97.0,
    "maxResTime" : 120.0,
    "pct1ResTime" : 112.9,
    "pct2ResTime" : 115.0,
    "pct3ResTime" : 119.96999999999998,
    "throughput" : 1.6891035927233418,
    "receivedKBytesPerSec" : 0.018144667499957773,
    "sentKBytesPerSec" : 0.0
  },
  "MQTT Pub Sampler" : {
    "transaction" : "MQTT Pub Sampler",
    "sampleCount" : 100,
    "errorCount" : 0,
    "errorPct" : 0.0,
    "meanResTime" : 215.16,
    "medianResTime" : 214.0,
    "minResTime" : 204.0,
    "maxResTime" : 243.0,
    "pct1ResTime" : 222.0,
    "pct2ResTime" : 224.0,
    "pct3ResTime" : 242.85999999999993,
    "throughput" : 1.685601591207902,
    "receivedKBytesPerSec" : 0.032921906078279335,
    "sentKBytesPerSec" : 0.049382859117419006
  },
  "MQTT Sub Sampler" : {
    "transaction" : "MQTT Sub Sampler",
    "sampleCount" : 100,
    "errorCount" : 0,
    "errorPct" : 0.0,
    "meanResTime" : 0.0,
    "medianResTime" : 0.0,
    "minResTime" : 0.0,
    "maxResTime" : 0.0,
    "pct1ResTime" : 0.0,
    "pct2ResTime" : 0.0,
    "pct3ResTime" : 0.0,
    "throughput" : 1.692247812769702,
    "receivedKBytesPerSec" : 0.053048002724518976,
    "sentKBytesPerSec" : 0.0
  }
}