{
  "MQTT Connect" : {
    "transaction" : "MQTT Connect",
    "sampleCount" : 500,
    "errorCount" : 0,
    "errorPct" : 0.0,
    "meanResTime" : 288.2099999999999,
    "medianResTime" : 214.0,
    "minResTime" : 200.0,
    "maxResTime" : 2220.0,
    "pct1ResTime" : 337.0,
    "pct2ResTime" : 1209.9,
    "pct3ResTime" : 1224.95,
    "throughput" : 8.328752519447638,
    "receivedKBytesPerSec" : 0.08946902120500391,
    "sentKBytesPerSec" : 0.0
  },
  "Total" : {
    "transaction" : "Total",
    "sampleCount" : 2000,
    "errorCount" : 0,
    "errorPct" : 0.0,
    "meanResTime" : 125.67449999999981,
    "medianResTime" : 107.0,
    "minResTime" : 0.0,
    "maxResTime" : 2220.0,
    "pct1ResTime" : 216.0,
    "pct2ResTime" : 220.0,
    "pct3ResTime" : 1211.0,
    "throughput" : 32.6557269981223,
    "receivedKBytesPerSec" : 2.0818025961302964,
    "sentKBytesPerSec" : 0.23917768797452854
  },
  "MQTT DisConnect" : {
    "transaction" : "MQTT DisConnect",
    "sampleCount" : 500,
    "errorCount" : 0,
    "errorPct" : 0.0,
    "meanResTime" : 106.42999999999991,
    "medianResTime" : 106.0,
    "minResTime" : 96.0,
    "maxResTime" : 144.0,
    "pct1ResTime" : 111.0,
    "pct2ResTime" : 112.0,
    "pct3ResTime" : 133.0,
    "throughput" : 8.384056877441855,
    "receivedKBytesPerSec" : 0.09006311098814494,
    "sentKBytesPerSec" : 0.0
  },
  "MQTT Pub Sampler" : {
    "transaction" : "MQTT Pub Sampler",
    "sampleCount" : 500,
    "errorCount" : 0,
    "errorPct" : 0.0,
    "meanResTime" : 108.05799999999995,
    "medianResTime" : 108.0,
    "minResTime" : 99.0,
    "maxResTime" : 140.0,
    "pct1ResTime" : 113.0,
    "pct2ResTime" : 115.0,
    "pct3ResTime" : 118.0,
    "throughput" : 8.379841453399703,
    "receivedKBytesPerSec" : 0.16366877838671293,
    "sentKBytesPerSec" : 0.24550316758006938
  },
  "MQTT Sub Sampler" : {
    "transaction" : "MQTT Sub Sampler",
    "sampleCount" : 500,
    "errorCount" : 0,
    "errorPct" : 0.0,
    "meanResTime" : 0.0,
    "medianResTime" : 0.0,
    "minResTime" : 0.0,
    "maxResTime" : 0.0,
    "pct1ResTime" : 0.0,
    "pct2ResTime" : 0.0,
    "pct3ResTime" : 0.0,
    "throughput" : 8.399126490844951,
    "receivedKBytesPerSec" : 1.7972818326894002,
    "sentKBytesPerSec" : 0.0
  }
}