{
  "MQTT Connect" : {
    "transaction" : "MQTT Connect",
    "sampleCount" : 1000,
    "errorCount" : 1,
    "errorPct" : 0.1,
    "meanResTime" : 272.5560000000001,
    "medianResTime" : 214.0,
    "minResTime" : 201.0,
    "maxResTime" : 10005.0,
    "pct1ResTime" : 241.0,
    "pct2ResTime" : 402.7999999999997,
    "pct3ResTime" : 1215.99,
    "throughput" : 16.638935108153078,
    "receivedKBytesPerSec" : 0.17945351497504158,
    "sentKBytesPerSec" : 0.0
  },
  "Total" : {
    "transaction" : "Total",
    "sampleCount" : 4000,
    "errorCount" : 4,
    "errorPct" : 0.1,
    "meanResTime" : 151.05949999999982,
    "medianResTime" : 204.0,
    "minResTime" : 0.0,
    "maxResTime" : 10005.0,
    "pct1ResTime" : 223.0,
    "pct2ResTime" : 230.0,
    "pct3ResTime" : 1202.0,
    "throughput" : 65.09569066527796,
    "receivedKBytesPerSec" : 7.119682241488738,
    "sentKBytesPerSec" : 0.47629830303671394
  },
  "MQTT DisConnect" : {
    "transaction" : "MQTT DisConnect",
    "sampleCount" : 1000,
    "errorCount" : 1,
    "errorPct" : 0.1,
    "meanResTime" : 112.96400000000006,
    "medianResTime" : 108.0,
    "minResTime" : 0.0,
    "maxResTime" : 264.0,
    "pct1ResTime" : 115.0,
    "pct2ResTime" : 127.0,
    "pct3ResTime" : 249.0,
    "throughput" : 16.77205105412341,
    "receivedKBytesPerSec" : 0.18046333839290207,
    "sentKBytesPerSec" : 0.0
  },
  "MQTT Pub Sampler" : {
    "transaction" : "MQTT Pub Sampler",
    "sampleCount" : 1000,
    "errorCount" : 1,
    "errorPct" : 0.1,
    "meanResTime" : 218.71800000000005,
    "medianResTime" : 218.0,
    "minResTime" : 0.0,
    "maxResTime" : 289.0,
    "pct1ResTime" : 227.0,
    "pct2ResTime" : 230.94999999999993,
    "pct3ResTime" : 242.99,
    "throughput" : 16.733601070950467,
    "receivedKBytesPerSec" : 0.3273674123577644,
    "sentKBytesPerSec" : 0.4897519766566265
  },
  "MQTT Sub Sampler" : {
    "transaction" : "MQTT Sub Sampler",
    "sampleCount" : 1000,
    "errorCount" : 1,
    "errorPct" : 0.1,
    "meanResTime" : 0.0,
    "medianResTime" : 0.0,
    "minResTime" : 0.0,
    "maxResTime" : 0.0,
    "pct1ResTime" : 0.0,
    "pct2ResTime" : 0.0,
    "pct3ResTime" : 0.0,
    "throughput" : 16.802769096347077,
    "receivedKBytesPerSec" : 6.660312463243942,
    "sentKBytesPerSec" : 0.0
  }
}