{
  "MQTT Connect" : {
    "transaction" : "MQTT Connect",
    "sampleCount" : 250,
    "errorCount" : 0,
    "errorPct" : 0.0,
    "meanResTime" : 322.7119999999998,
    "medianResTime" : 215.0,
    "minResTime" : 202.0,
    "maxResTime" : 2217.0,
    "pct1ResTime" : 1128.9000000000044,
    "pct2ResTime" : 1213.0,
    "pct3ResTime" : 1704.670000000009,
    "throughput" : 4.172926055750292,
    "receivedKBytesPerSec" : 0.04482635411450509,
    "sentKBytesPerSec" : 0.0
  },
  "Total" : {
    "transaction" : "Total",
    "sampleCount" : 1000,
    "errorCount" : 0,
    "errorPct" : 0.0,
    "meanResTime" : 134.14699999999993,
    "medianResTime" : 107.0,
    "minResTime" : 0.0,
    "maxResTime" : 2217.0,
    "pct1ResTime" : 216.0,
    "pct2ResTime" : 219.0,
    "pct3ResTime" : 1214.99,
    "throughput" : 16.358312476484926,
    "receivedKBytesPerSec" : 0.6134367178681848,
    "sentKBytesPerSec" : 0.11981185895862982
  },
  "MQTT DisConnect" : {
    "transaction" : "MQTT DisConnect",
    "sampleCount" : 250,
    "errorCount" : 0,
    "errorPct" : 0.0,
    "meanResTime" : 106.224,
    "medianResTime" : 106.0,
    "minResTime" : 99.0,
    "maxResTime" : 132.0,
    "pct1ResTime" : 110.0,
    "pct2ResTime" : 112.0,
    "pct3ResTime" : 127.98000000000002,
    "throughput" : 4.19702514857469,
    "receivedKBytesPerSec" : 0.045085231088204676,
    "sentKBytesPerSec" : 0.0
  },
  "MQTT Pub Sampler" : {
    "transaction" : "MQTT Pub Sampler",
    "sampleCount" : 250,
    "errorCount" : 0,
    "errorPct" : 0.0,
    "meanResTime" : 107.65200000000003,
    "medianResTime" : 108.0,
    "minResTime" : 99.0,
    "maxResTime" : 117.0,
    "pct1ResTime" : 111.0,
    "pct2ResTime" : 113.0,
    "pct3ResTime" : 116.49000000000001,
    "throughput" : 4.195686833934715,
    "receivedKBytesPerSec" : 0.08194700847528741,
    "sentKBytesPerSec" : 0.1229205127129311
  },
  "MQTT Sub Sampler" : {
    "transaction" : "MQTT Sub Sampler",
    "sampleCount" : 250,
    "errorCount" : 0,
    "errorPct" : 0.0,
    "meanResTime" : 0.0,
    "medianResTime" : 0.0,
    "minResTime" : 0.0,
    "maxResTime" : 0.0,
    "pct1ResTime" : 0.0,
    "pct2ResTime" : 0.0,
    "pct3ResTime" : 0.0,
    "throughput" : 4.204577944465934,
    "receivedKBytesPerSec" : 0.45823329941640456,
    "sentKBytesPerSec" : 0.0
  }
}