{
  "MQTT Connect" : {
    "transaction" : "MQTT Connect",
    "sampleCount" : 800,
    "errorCount" : 0,
    "errorPct" : 0.0,
    "meanResTime" : 229.40375,
    "medianResTime" : 214.0,
    "minResTime" : 201.0,
    "maxResTime" : 557.0,
    "pct1ResTime" : 329.9,
    "pct2ResTime" : 344.0,
    "pct3ResTime" : 461.4400000000005,
    "throughput" : 13.318682782272834,
    "receivedKBytesPerSec" : 0.14307178770019643,
    "sentKBytesPerSec" : 0.0
  },
  "Total" : {
    "transaction" : "Total",
    "sampleCount" : 3200,
    "errorCount" : 0,
    "errorPct" : 0.0,
    "meanResTime" : 112.13593750000004,
    "medianResTime" : 108.0,
    "minResTime" : 0.0,
    "maxResTime" : 557.0,
    "pct1ResTime" : 216.0,
    "pct2ResTime" : 222.0,
    "pct3ResTime" : 347.0,
    "throughput" : 52.210801109479526,
    "receivedKBytesPerSec" : 4.699258902349486,
    "sentKBytesPerSec" : 0.3824033284385707
  },
  "MQTT DisConnect" : {
    "transaction" : "MQTT DisConnect",
    "sampleCount" : 800,
    "errorCount" : 0,
    "errorPct" : 0.0,
    "meanResTime" : 109.64750000000002,
    "medianResTime" : 108.0,
    "minResTime" : 96.0,
    "maxResTime" : 255.0,
    "pct1ResTime" : 114.0,
    "pct2ResTime" : 120.0,
    "pct3ResTime" : 240.06000000000085,
    "throughput" : 13.429804092732796,
    "receivedKBytesPerSec" : 0.14426547365240308,
    "sentKBytesPerSec" : 0.0
  },
  "MQTT Pub Sampler" : {
    "transaction" : "MQTT Pub Sampler",
    "sampleCount" : 800,
    "errorCount" : 0,
    "errorPct" : 0.0,
    "meanResTime" : 109.49249999999995,
    "medianResTime" : 109.0,
    "minResTime" : 97.0,
    "maxResTime" : 147.0,
    "pct1ResTime" : 115.0,
    "pct2ResTime" : 117.0,
    "pct3ResTime" : 132.99,
    "throughput" : 13.419666521286945,
    "receivedKBytesPerSec" : 0.2621028617438857,
    "sentKBytesPerSec" : 0.3931542926158285
  },
  "MQTT Sub Sampler" : {
    "transaction" : "MQTT Sub Sampler",
    "sampleCount" : 800,
    "errorCount" : 0,
    "errorPct" : 0.0,
    "meanResTime" : 0.0,
    "medianResTime" : 0.0,
    "minResTime" : 0.0,
    "maxResTime" : 0.0,
    "pct1ResTime" : 0.0,
    "pct2ResTime" : 0.0,
    "pct3ResTime" : 0.0,
    "throughput" : 13.454423141607803,
    "receivedKBytesPerSec" : 4.292046386226034,
    "sentKBytesPerSec" : 0.0
  }
}