{
  "MQTT Connect" : {
    "transaction" : "MQTT Connect",
    "sampleCount" : 100,
    "errorCount" : 0,
    "errorPct" : 0.0,
    "meanResTime" : 222.8400000000001,
    "medianResTime" : 214.0,
    "minResTime" : 205.0,
    "maxResTime" : 467.0,
    "pct1ResTime" : 222.9,
    "pct2ResTime" : 239.74999999999994,
    "pct3ResTime" : 466.66999999999985,
    "throughput" : 1.6794585425658768,
    "receivedKBytesPerSec" : 0.01804105856271938,
    "sentKBytesPerSec" : 0.0
  },
  "Total" : {
    "transaction" : "Total",
    "sampleCount" : 400,
    "errorCount" : 0,
    "errorPct" : 0.0,
    "meanResTime" : 82.64249999999998,
    "medianResTime" : 52.5,
    "minResTime" : 0.0,
    "maxResTime" : 467.0,
    "pct1ResTime" : 215.0,
    "pct2ResTime" : 219.95,
    "pct3ResTime" : 357.8100000000011,
    "throughput" : 6.5939138175464045,
    "receivedKBytesPerSec" : 0.11542568865187432,
    "sentKBytesPerSec" : 0.04829526721835746
  },
  "MQTT DisConnect" : {
    "transaction" : "MQTT DisConnect",
    "sampleCount" : 100,
    "errorCount" : 0,
    "errorPct" : 0.0,
    "meanResTime" : 107.1,
    "medianResTime" : 107.5,
    "minResTime" : 99.0,
    "maxResTime" : 125.0,
    "pct1ResTime" : 112.0,
    "pct2ResTime" : 114.94999999999999,
    "pct3ResTime" : 124.93999999999997,
    "throughput" : 1.6886187098953056,
    "receivedKBytesPerSec" : 0.01813945879770348,
    "sentKBytesPerSec" : 0.0
  },
  "MQTT Pub Sampler" : {
    "transaction" : "MQTT Pub Sampler",
    "sampleCount" : 100,
    "errorCount" : 0,
    "errorPct" : 0.0,
    "meanResTime" : 0.6299999999999999,
    "medianResTime" : 1.0,
    "minResTime" : 0.0,
    "maxResTime" : 6.0,
    "pct1ResTime" : 1.0,
    "pct2ResTime" : 1.0,
    "pct3ResTime" : 5.97999999999999,
    "throughput" : 1.6914177463549946,
    "receivedKBytesPerSec" : 0.03303550285849599,
    "sentKBytesPerSec" : 0.049553254287743986
  },
  "MQTT Sub Sampler" : {
    "transaction" : "MQTT Sub Sampler",
    "sampleCount" : 100,
    "errorCount" : 0,
    "errorPct" : 0.0,
    "meanResTime" : 0.0,
    "medianResTime" : 0.0,
    "minResTime" : 0.0,
    "maxResTime" : 0.0,
    "pct1ResTime" : 0.0,
    "pct2ResTime" : 0.0,
    "pct3ResTime" : 0.0,
    "throughput" : 1.6918183663801853,
    "receivedKBytesPerSec" : 0.049069341290519056,
    "sentKBytesPerSec" : 0.0
  }
}