{
  "MQTT Connect" : {
    "transaction" : "MQTT Connect",
    "sampleCount" : 750,
    "errorCount" : 0,
    "errorPct" : 0.0,
    "meanResTime" : 290.5880000000001,
    "medianResTime" : 214.0,
    "minResTime" : 200.0,
    "maxResTime" : 2219.0,
    "pct1ResTime" : 338.79999999999995,
    "pct2ResTime" : 1207.4499999999998,
    "pct3ResTime" : 1227.39,
    "throughput" : 12.483978893753017,
    "receivedKBytesPerSec" : 0.1341052420227375,
    "sentKBytesPerSec" : 0.0
  },
  "Total" : {
    "transaction" : "Total",
    "sampleCount" : 3000,
    "errorCount" : 0,
    "errorPct" : 0.0,
    "meanResTime" : 154.65766666666656,
    "medianResTime" : 203.0,
    "minResTime" : 0.0,
    "maxResTime" : 2219.0,
    "pct1ResTime" : 222.0,
    "pct2ResTime" : 228.0,
    "pct3ResTime" : 1211.0,
    "throughput" : 48.85277402335163,
    "receivedKBytesPerSec" : 4.085217812128516,
    "sentKBytesPerSec" : 0.3578084034913449
  },
  "MQTT DisConnect" : {
    "transaction" : "MQTT DisConnect",
    "sampleCount" : 750,
    "errorCount" : 0,
    "errorPct" : 0.0,
    "meanResTime" : 110.87066666666661,
    "medianResTime" : 107.0,
    "minResTime" : 95.0,
    "maxResTime" : 253.0,
    "pct1ResTime" : 114.0,
    "pct2ResTime" : 122.0,
    "pct3ResTime" : 246.0,
    "throughput" : 12.575452716297788,
    "receivedKBytesPerSec" : 0.13508787097585512,
    "sentKBytesPerSec" : 0.0
  },
  "MQTT Pub Sampler" : {
    "transaction" : "MQTT Pub Sampler",
    "sampleCount" : 750,
    "errorCount" : 0,
    "errorPct" : 0.0,
    "meanResTime" : 217.1720000000002,
    "medianResTime" : 217.0,
    "minResTime" : 202.0,
    "maxResTime" : 262.0,
    "pct1ResTime" : 224.89999999999998,
    "pct2ResTime" : 227.0,
    "pct3ResTime" : 239.98000000000002,
    "throughput" : 12.547261351089103,
    "receivedKBytesPerSec" : 0.24506369826345903,
    "sentKBytesPerSec" : 0.3675955473951885
  },
  "MQTT Sub Sampler" : {
    "transaction" : "MQTT Sub Sampler",
    "sampleCount" : 750,
    "errorCount" : 0,
    "errorPct" : 0.0,
    "meanResTime" : 0.0,
    "medianResTime" : 0.0,
    "minResTime" : 0.0,
    "maxResTime" : 0.0,
    "pct1ResTime" : 0.0,
    "pct2ResTime" : 0.0,
    "pct3ResTime" : 0.0,
    "throughput" : 12.597420048374092,
    "receivedKBytesPerSec" : 3.6970475321654126,
    "sentKBytesPerSec" : 0.0
  }
}