{
  "MQTT Connect" : {
    "transaction" : "MQTT Connect",
    "sampleCount" : 500,
    "errorCount" : 0,
    "errorPct" : 0.0,
    "meanResTime" : 252.2720000000002,
    "medianResTime" : 214.0,
    "minResTime" : 199.0,
    "maxResTime" : 1394.0,
    "pct1ResTime" : 228.90000000000003,
    "pct2ResTime" : 353.0,
    "pct3ResTime" : 1216.0,
    "throughput" : 8.329168748958855,
    "receivedKBytesPerSec" : 0.08947349242045644,
    "sentKBytesPerSec" : 0.0
  },
  "Total" : {
    "transaction" : "Total",
    "sampleCount" : 2000,
    "errorCount" : 0,
    "errorPct" : 0.0,
    "meanResTime" : 144.62650000000025,
    "medianResTime" : 203.0,
    "minResTime" : 0.0,
    "maxResTime" : 1394.0,
    "pct1ResTime" : 221.0,
    "pct2ResTime" : 226.0,
    "pct3ResTime" : 403.97,
    "throughput" : 32.59611780236974,
    "receivedKBytesPerSec" : 1.9509922461984779,
    "sentKBytesPerSec" : 0.23874109718532524
  },
  "MQTT DisConnect" : {
    "transaction" : "MQTT DisConnect",
    "sampleCount" : 500,
    "errorCount" : 0,
    "errorPct" : 0.0,
    "meanResTime" : 109.45199999999997,
    "medianResTime" : 107.0,
    "minResTime" : 96.0,
    "maxResTime" : 265.0,
    "pct1ResTime" : 113.0,
    "pct2ResTime" : 115.0,
    "pct3ResTime" : 242.96000000000004,
    "throughput" : 8.383916294979711,
    "receivedKBytesPerSec" : 0.09006160082497737,
    "sentKBytesPerSec" : 0.0
  },
  "MQTT Pub Sampler" : {
    "transaction" : "MQTT Pub Sampler",
    "sampleCount" : 500,
    "errorCount" : 0,
    "errorPct" : 0.0,
    "meanResTime" : 216.782,
    "medianResTime" : 216.5,
    "minResTime" : 203.0,
    "maxResTime" : 269.0,
    "pct1ResTime" : 224.0,
    "pct2ResTime" : 226.0,
    "pct3ResTime" : 245.97000000000003,
    "throughput" : 8.365960579593748,
    "receivedKBytesPerSec" : 0.16339766757019042,
    "sentKBytesPerSec" : 0.24509650135528563
  },
  "MQTT Sub Sampler" : {
    "transaction" : "MQTT Sub Sampler",
    "sampleCount" : 500,
    "errorCount" : 0,
    "errorPct" : 0.0,
    "meanResTime" : 0.0,
    "medianResTime" : 0.0,
    "minResTime" : 0.0,
    "maxResTime" : 0.0,
    "pct1ResTime" : 0.0,
    "pct2ResTime" : 0.0,
    "pct3ResTime" : 0.0,
    "throughput" : 8.399408681628813,
    "receivedKBytesPerSec" : 1.6664295583590916,
    "sentKBytesPerSec" : 0.0
  }
}