{
  "MQTT Connect" : {
    "transaction" : "MQTT Connect",
    "sampleCount" : 50,
    "errorCount" : 0,
    "errorPct" : 0.0,
    "meanResTime" : 221.42,
    "medianResTime" : 215.0,
    "minResTime" : 205.0,
    "maxResTime" : 431.0,
    "pct1ResTime" : 230.0,
    "pct2ResTime" : 236.79999999999998,
    "pct3ResTime" : 431.0,
    "throughput" : 0.8480757161999424,
    "receivedKBytesPerSec" : 0.009110188357616568,
    "sentKBytesPerSec" : 0.0
  },
  "Total" : {
    "transaction" : "Total",
    "sampleCount" : 200,
    "errorCount" : 0,
    "errorPct" : 0.0,
    "meanResTime" : 135.57500000000002,
    "medianResTime" : 164.5,
    "minResTime" : 0.0,
    "maxResTime" : 431.0,
    "pct1ResTime" : 219.9,
    "pct2ResTime" : 228.95,
    "pct3ResTime" : 253.93000000000006,
    "throughput" : 3.3172446965550417,
    "receivedKBytesPerSec" : 0.034500640642882024,
    "sentKBytesPerSec" : 0.024296225804846496
  },
  "MQTT DisConnect" : {
    "transaction" : "MQTT DisConnect",
    "sampleCount" : 50,
    "errorCount" : 0,
    "errorPct" : 0.0,
    "meanResTime" : 107.25999999999999,
    "medianResTime" : 107.0,
    "minResTime" : 102.0,
    "maxResTime" : 129.0,
    "pct1ResTime" : 110.9,
    "pct2ResTime" : 117.74999999999994,
    "pct3ResTime" : 129.0,
    "throughput" : 0.8534170819963133,
    "receivedKBytesPerSec" : 0.009167566310507271,
    "sentKBytesPerSec" : 0.0
  },
  "MQTT Pub Sampler" : {
    "transaction" : "MQTT Pub Sampler",
    "sampleCount" : 50,
    "errorCount" : 0,
    "errorPct" : 0.0,
    "meanResTime" : 213.61999999999998,
    "medianResTime" : 211.5,
    "minResTime" : 200.0,
    "maxResTime" : 254.0,
    "pct1ResTime" : 222.9,
    "pct2ResTime" : 237.0999999999999,
    "pct3ResTime" : 254.0,
    "throughput" : 0.8511652452207071,
    "receivedKBytesPerSec" : 0.016624321195716937,
    "sentKBytesPerSec" : 0.024936481793575403
  },
  "MQTT Sub Sampler" : {
    "transaction" : "MQTT Sub Sampler",
    "sampleCount" : 50,
    "errorCount" : 0,
    "errorPct" : 0.0,
    "meanResTime" : 0.0,
    "medianResTime" : 0.0,
    "minResTime" : 0.0,
    "maxResTime" : 0.0,
    "pct1ResTime" : 0.0,
    "pct2ResTime" : 0.0,
    "pct3ResTime" : 0.0,
    "throughput" : 0.8550224015869216,
    "receivedKBytesPerSec" : 5.009896884298369E-4,
    "sentKBytesPerSec" : 0.0
  }
}